<?xml version="1.0" encoding="utf-8"?>
<extension type="component" version="3.1" method="upgrade">
	<name>KSENMART</name>
	<creationDate>July 2017</creationDate>
	<author>L.D.M. Co</author>
	<authorEmail>boss.ldm@gmail.com</authorEmail>
	<authorUrl>http://www.lukyan-dm.ru/</authorUrl>
	<copyright>Copyright (C) 2008-2017 L.D.M. Co All rights reserved.</copyright>
	<license>https://creativecommons.org/licenses/by-sa/3.0/deed.ru CC BY-SA 3.0</license>
	<version>4.1.11</version>

	<scriptfile>install.php</scriptfile>
	
	<updateservers>
		<server type="extension" priority="1" name="Ksenmart">http://update.ksenmart.ru/update-info/j3/pkg_ksenmart_4/com_ksenmart/com_ksenmart-update.xml</server>
	</updateservers>		

	<install>
		<sql>
			<file driver="mysql" charset="utf8">sql/install.sql</file>
		</sql>
	</install>

	<uninstall>
		<sql>
			<file driver="mysql" charset="utf8">sql/uninstall.sql</file>
		</sql>
	</uninstall>

    <update>
        <schemas>
            <schemapath type="mysql">sql/updates/mysql</schemapath>
        </schemas>
    </update>

    <media folder="media" destination="com_ksenmart">
        <folder>css</folder>
        <folder>images</folder>
        <folder>js</folder>
        <folder>files</folder>
        <folder>import</folder>
        <folder>videos</folder>
        <file>index.html</file>
    </media>
		
	<files folder="site">
		<filename>changelog.txt</filename>
		<filename>metadata.xml</filename>
		<filename>router.php</filename>
		<filename>controller.php</filename>
		<filename>ksenmart.php</filename>
		<filename>index.html</filename>
		<folder>controllers</folder>
		<folder>css</folder>
		<folder>helpers</folder>
		<folder>images</folder>
		<folder>js</folder>
		<folder>language</folder>
		<folder>models</folder>
		<folder>views</folder>		
	</files>


	<administration>
	    
	    <languages folder="administrator">
	        <language tag="en-GB">languages/en-GB.com_ksenmart.ini</language>
	        <language tag="ru-RU">languages/ru-RU.com_ksenmart.ini</language>
	        <language tag="en-GB">languages/en-GB.com_ksenmart.sys.ini</language>
	        <language tag="ru-RU">languages/ru-RU.com_ksenmart.sys.ini</language>
	    </languages>

		<menu img="../media/com_ksenmart/images/ksenmart.png">KSENMART</menu>
		<menu view="cpanel" img="../media/com_ksenmart/images/ksenmart.png">COM_AKEEBASUBS</menu>
		
		<files folder="administrator">
			<filename>access.xml</filename>
			<filename>controller.php</filename>
			<filename>dispatcher.php</filename>
			<filename>index.html</filename>
			<filename>ksenmart.php</filename>
			<folder>assets</folder>
			<folder>classes</folder>
			<folder>controllers</folder>
			<folder>install</folder>
			<folder>js</folder>
			<folder>language</folder>
			<folder>layouts</folder>
			<folder>models</folder>
			<folder>sql</folder>
			<folder>tables</folder>
			<folder>tmp</folder>			
			<folder>views</folder>
			<folder>update</folder>
			<folder>helpers</folder>
		</files>
	</administration>

</extension>