<?xml version="1.0" encoding="UTF-8" ?>
<extension type="plugin" group="kmdiscount" version="3.1" method="upgrade">
    <name>KSM_DISCOUNT_COUPONS</name>
    <version>4.1.11</version>
    <creationDate>May 2017</creationDate>
    <author>L.D.M. Co</author>
    <authorEmail>boss.ldm@gmail.com</authorEmail>
    <authorUrl>http://www.lukyan-dm.ru/</authorUrl>
    <copyright>Copyright (C) 2008-2017 L.D.M. Co All rights reserved.</copyright>
    <license>https://creativecommons.org/licenses/by-sa/3.0/deed.ru CC BY-SA 3.0</license>
    <description>KSM_DISCOUNT_COUPONS_DESCRIPTION</description>

    <files>
		<filename plugin="coupons">coupons.php</filename>
		<filename>index.html</filename>
		<folder>sql</folder>
		<folder>tmpl</folder>
    </files>

    <languages folder="language">
        <language tag="ru-RU">ru-RU/ru-RU.plg_kmdiscount_coupons.sys.ini</language>
		<language tag="en-GB">en-GB/en-GB.plg_kmdiscount_coupons.sys.ini</language>
    </languages>

    <install>
        <sql>
            <file driver="mysql" charset="utf8">sql/install.mysql.utf8.sql</file>
        </sql>
    </install>

	<uninstall>
		<sql>
			<file driver="mysql" charset="utf8">sql/uninstall.mysql.utf8.sql</file>
		</sql>
	</uninstall>
	
    <updateservers>
        <server type="extension" priority="1" name="coupons">http://update.ksenmart.ru/update-info/j3/pkg_ksenmart_4/com_ksenmart/plugins/plg_coupons-update.xml</server>
    </updateservers>

</extension>